f1_val,f1_test
80.7896728515625,79.83802795410156
80.91114807128906,80.13114929199219
80.50691986083984,80.38407135009766
80.35697174072266,79.95458984375
80.68640899658203,79.72821807861328
